id,rating,target,english,primary_issue,proposed_target
hi-3171,1,शौचालय कहाँ है?,Where is the toilet?,शौचालय nobody says this,टॉयलेट कहाँ है?
hi-0028,2,यह मेरी धर्मपत्नी श्रीमती शर्मा हैं।,This is my wife Mrs. Sharma.,धर्मपत्नी archaic Sanskrit + ceremonious framing,यह मेरी पत्नी है।
hi-0215,2,सूक्ष्म उद्यम ग्रामीण अर्थव्यवस्था की रीढ़ हैं।,Micro enterprises are the backbone of the rural economy.,bureaucratic Sanskrit + textbook metaphor,छोटे कारोबार गाँव की अर्थव्यवस्था का आधार हैं।
hi-0436,2,इस विद्यालय की स्थापना उन्नीस सौ पचास में हुई थी।,School established in 1950.,विद्यालय + passive Sanskrit construction,इस स्कूल को १९५० में खोला गया था।
hi-0483,2,संगणक की गति को मेगाहर्ट्ज़ में मापा जाता है।,Computer speed measured in megahertz.,संगणक pure archaism — कंप्यूटर,कंप्यूटर की गति को मेगाहर्ट्ज़ में मापा जाता है।
hi-0623,2,दंत चिकित्सक ने दाँत में भराव किया।,Dentist filled tooth.,दंत चिकित्सक pure Sanskrit — डेंटिस्ट,डेंटिस्ट ने दाँत में भर दिया।
hi-0648,2,छत की ढलाई में कंकरीट डाली गई।,Concrete poured into roof slab.,passive Sanskrit + ढलाई formal,छत की कास्टिंग में कंक्रीट डाल दी।
hi-0680,2,पर्यावरण की रक्षा हमारा दायित्व है।,Environment protection our duty.,पर्यावरण + दायित्व Sanskrit formal,एनवायरनमेंट की रक्षा हमारी ज़िम्मेदारी है।
hi-1810,2,कर चुकाना हर नागरिक की ज़िम्मेदारी है।,Paying taxes citizen's duty.,कर + नागरिक legal Sanskrit,टैक्स देना हर आदमी की ज़िम्मेदारी है।
hi-2282,2,मशालची ने हवेली में रोशनी की।,Torchbearer lit mansion.,Mughal-era archaic vocab,
hi-2284,2,सूबेदार ने सूबे का प्रशासन सँभाला।,Governor administered province.,Mughal-era archaic,
hi-2295,2,राजा ने दरबार में फ़रमान जारी किया।,King issued decree.,all Mughal-era terms,
hi-2388,2,जागीरदार ने गाँव वालों को ज़मीन बाँटी।,Landlord distributed land.,जागीरदार feudal-era term,
hi-2732,2,दूरभाष का आविष्कार संचार में मील का पत्थर था।,Telephone invention milestone.,दूरभाष pure archaism,टेलीफोन का आविष्कार संचार में बहुत बड़ा कदम था।
hi-0157,3,न्याय पाना हर नागरिक का अधिकार है।,Getting justice is every citizen's right.,civics-textbook framing,हर किसी को सही फ़ैसला पाने का हक है।
hi-0522,3,सुप्रभात! आज का दिन अच्छा रहे।,Good morning! May today be good.,सुप्रभात textbook greeting,
hi-0529,3,"शुभ प्रभात, आज मौसम बहुत अच्छा है।","Good morning, weather is nice.",शुभ प्रभात textbook greeting,
hi-0542,3,यह नई सड़क चालीस किलोमीटर लंबी बनाई गई है।,Road 40km long built.,बनाई गई passive Sanskrit,यह नई सड़क चालीस किलोमीटर की है।
hi-0649,3,गद्य में वाक्य विन्यास का ध्यान रखो।,Sentence structure in prose.,वाक्य विन्यास textbook Sanskrit,गद्य में sentence का order सही रखो।
hi-0657,3,ऊँटनी का दूध राजस्थान में पीया जाता है।,Camel milk drunk in Rajasthan.,passive Sanskrit,राजस्थान में लोग ऊँटनी का दूध पीते हैं।
hi-0682,3,नौटंकी लोक नाट्य की विधा है।,Nautanki is folk theater form.,लोक नाट्य + विधा textbook,
hi-0691,3,स्तंभ पर उकेरी गई नक्काशी बारीक है।,Carving on pillar is intricate.,passive + स्तंभ Sanskrit,खंभे पर की गई नक्काशी बहुत बारीक है।
hi-0693,3,जीवाश्म से प्राचीन जीवों की जानकारी मिलती है।,Fossils give info about ancient creatures.,जीवाश्म + प्राचीन जीव Sanskrit,
hi-0907,3,सेनापति ने सैनिकों को प्रोत्साहित किया।,Commander encouraged soldiers.,सेनापति + प्रोत्साहित archaic Sanskrit,कमांडर ने सैनिकों को हिम्मत दी।
hi-0909,3,परोपकार से बड़ा कोई धर्म नहीं।,No greater virtue than altruism.,परोपकार high Sanskrit,दूसरों की मदद करने से बड़ा कोई धर्म नहीं।
hi-1063,3,समाज कल्याण नीतियों का मूल्यांकन निष्पक्ष होना चाहिए।,Evaluation of welfare policies unbiased.,news/government Sanskrit,
hi-1066,3,संदर्भ-सूची में सभी उद्धृत स्रोतों का विवरण होना चाहिए।,Bibliography should contain citations.,संदर्भ-सूची + उद्धृत formal,
hi-1100,3,मुझे अपने मातृभूमि की बहुत याद आती है।,I miss my homeland.,मातृभूमि poetic Sanskrit,मुझे अपना देश बहुत याद आता है।
hi-1147,3,कृतघ्न शिष्य ने गुरु का अपमान किया।,Ungrateful disciple insulted teacher.,heavy Sanskrit purist vocab,
hi-1184,3,उल्कापिंड वायुमंडल में जलकर टूट जाता है।,Meteoroid burns in atmosphere.,उल्कापिंड + वायुमंडल Sanskrit,आकाश से गिरा तारा जलकर टूट जाता है।
hi-1258,3,गोधूलि की बेला में गाँव शांत हो जाता है।,Village quiet in twilight.,गोधूलि + बेला poetic Sanskrit,शाम को गाँव शांत हो जाता है।
hi-1373,3,हवाई जहाज़ रेलगाड़ी से तेज़ चलता है।,Airplane faster than train.,रेलगाड़ी → ट्रेन,
hi-1543,3,पिताजी हर सप्ताहांत हमें पार्क ले जाते थे।,Father took us to park every weekend.,सप्ताहांत → वीकेंड,
hi-1558,3,भूमिगत सुरंग में रेलगाड़ी दौड़ती है।,Train runs in underground tunnel.,रेलगाड़ी → ट्रेन,
hi-1726,3,यह जगह पर्यटकों के लिए बहुत अनुकूल है।,Favorable for tourists.,अनुकूल formal,यह जगह पर्यटकों के लिए बहुत अच्छी है।
hi-2230,3,इस मार्ग पर भारी वाहनों का प्रवेश वर्जित किया गया है।,Heavy vehicles prohibited.,वर्जित + passive Sanskrit,इस रास्ते पर भारी गाड़ियों को जाने से मना है।
hi-2417,3,कमंडल में पानी लेकर साधु चले।,Sage walked with water in kamandal.,religious archaic,
hi-2425,3,अख़बार की सुर्ख़ियाँ मंगलवार को पढ़ी जाती हैं।,Newspaper headlines read daily.,Eng/Hindi mismatch + passive,
hi-2437,3,"यद्यपि वह बीमार था, तथापि उसने काम पूरा किया।","Although sick, completed work.",यद्यपि...तथापि pure Sanskrit,"हालाँकि वह बीमार था, फिर भी उसने काम पूरा कर दिया।"
hi-2479,3,"यद्यपि ज़मीन ऊसर थी, तथापि किसान ने बोआई की।","Although barren, farmer sowed.",यद्यपि...तथापि pure Sanskrit,"हालाँकि ज़मीन बंजर थी, फिर भी किसान ने बीज बोया।"
hi-2496,3,भिश्ती ने मशक से पानी छिड़का।,Bhishti sprinkled water.,all archaic historical,
hi-2534,3,ऋषि ने तपोवन में कठोर तपस्या की।,Sage performed penance.,religious archaic register,
hi-0049,4,मेरी प्यारी बेटी पास के विद्यालय में पढ़ती है।,My dear daughter studies at a nearby school.,प्यारी sentimental + विद्यालय textbook,मेरी बेटी पास के स्कूल में पढ़ती है।
hi-0166,4,बड़े शहर में यातायात बहुत अधिक होता है।,lot of traffic in a big city,यातायात Sanskrit-coined — ट्रैफिक,बड़े शहर में ट्रैफिक बहुत ज़्यादा होता है।
hi-0213,4,विद्युत धारा को एम्पियर में नापते हैं।,Electric current is measured in amperes.,विद्युत धारा scientific Sanskrit — बिजली,बिजली की धारा को एम्पियर में मापते हैं।
hi-0415,4,इस परीक्षा में कुल सौ प्रश्न पूछे गए।,Hundred questions in exam.,प्रश्न formal + passive,
hi-0537,4,कृपया मुझे एक ठंडा गिलास पानी दे दीजिए।,Please give me a cold glass of water.,कृपया + दे दीजिए over-formal,
hi-0710,4,राहुल ने नई दुकान का उद्घाटन किया।,Rahul inaugurated new shop.,उद्घाटन formal — opening/खोल दिया,राहुल ने नई दुकान खोल दी।
hi-0715,4,रसोइये ने आज बहुत स्वादिष्ट खाना बनाया।,Cook made tasty food.,रसोइये textbook — chef/कुक,
hi-0722,4,"प्रणाम गुरुजी, आपके दर्शन हुए।",Greetings teacher.,दर्शन हुए archaic,"नमस्ते गुरुजी, आप मिल गए!"
hi-0731,4,रसोइए ने शानदार दावत तैयार की।,Cook prepared feast.,रसोइए formal,
hi-0734,4,प्रधानाचार्य ने छात्रों को प्रमाणपत्र बाँटे।,Principal distributed certificates.,प्रधानाचार्य + प्रमाणपत्र Sanskrit,Principal ने छात्रों को certificates दिए।
hi-0738,4,संपादक ने लेख में सुधार किया।,Editor corrected article.,संपादक textbook — editor,Editor ने article में सुधार किया।
hi-0739,4,गायिका ने मंच पर गीत गाया।,Singer sang on stage.,गायिका textbook — singer,
hi-0743,4,चित्रकार ने दीवार पर भित्तिचित्र बनाया।,Painter made mural.,चित्रकार + भित्तिचित्र Sanskrit,
hi-0753,4,अध्यापक ने कठिन विषय आसानी से समझाया।,Teacher explained difficult topic.,अध्यापक → टीचर,Teacher ने मुश्किल topic को आसानी से समझाया।
hi-0761,4,तीर्थयात्री ने पवित्र नदी में स्नान किया।,Pilgrim bathed in holy river.,तीर्थयात्री + स्नान formal/religious,
hi-0762,4,भूस्खलन से पहाड़ी रास्ता बंद हो गया।,Landslide blocked road.,भूस्खलन Sanskrit — landslide,Landslide से पहाड़ी रास्ता बंद हो गया।
hi-0766,4,पत्रकार ने साक्षात्कार में कड़े सवाल पूछे।,Journalist asked tough questions in interview.,पत्रकार + साक्षात्कार Sanskrit,Journalist ने interview में कड़े सवाल पूछे।
hi-0795,4,बढ़ई ने मज़बूत अलमारी बनाई।,Carpenter made sturdy cupboard.,बढ़ई textbook — carpenter,
hi-0796,4,अभिनेत्री ने शानदार अभिनय किया।,Actress gave performance.,अभिनेत्री + अभिनय Sanskrit,Actress ने शानदार acting की।
hi-0804,4,शिल्पकार ने पत्थर से मूर्ति गढ़ी।,Sculptor carved statue.,शिल्पकार Sanskrit — sculptor,
hi-0805,4,मूर्तिकार ने संगमरमर से कलाकृति बनाई।,Sculptor made artwork from marble.,मूर्तिकार + कलाकृति Sanskrit,
hi-0826,4,रक्तचाप की जाँच नियमित करवाओ।,Get blood pressure checked regularly.,रक्तचाप → ब्लड प्रेशर,ब्लड प्रेशर की जाँच नियमित करवाओ।
hi-0851,4,जल का रासायनिक सूत्र H₂O है।,Chemical formula of water is H₂O.,जल formal — पानी,पानी का रासायनिक सूत्र H₂O है।
hi-0867,4,नेत्रहीन छात्र ने परीक्षा में अव्वल आया।,Blind student topped exam.,नेत्रहीन formal euphemism,
hi-0908,4,संन्यासी ने गेरुआ वस्त्र धारण किया।,Ascetic wore garments.,धारण किया formal — पहना,संन्यासी ने गेरुआ वस्त्र पहन लिए।
hi-0910,4,भ्रष्टाचार समाज को खोखला कर देता है।,Corruption hollows out society.,news-style,घूस समाज को बर्बाद कर देती है।
hi-0981,4,"बशर्ते पैसे हों, तो सब कुछ मिल सकता है।","If you have money, you can get anything.",बशर्ते formal conditional,अगर पैसे हों तो सब कुछ मिल सकता है।
hi-1015,4,प्राथमिक चिकित्सा का ज्ञान सबको होना चाहिए।,Everyone should know first aid.,प्राथमिक चिकित्सा + ज्ञान Sanskrit,सबको फ़र्स्ट एड का पता होना चाहिए।
hi-1018,4,बिना टिकट यात्रा करना दंडनीय अपराध है।,Traveling without ticket punishable.,दंडनीय legal Sanskrit,
hi-1019,4,छात्रों को समय पर पहुँचना अनिवार्य है।,Students must arrive on time.,अनिवार्य bureaucratic,छात्रों को समय पर पहुँचना ज़रूरी है।
hi-1049,4,वस्तु विनिमय प्राचीन व्यापार पद्धति थी।,Barter was ancient trading method.,वस्तु विनिमय + पद्धति Sanskrit,बार्टर प्राचीन व्यापार का तरीक़ा था।
hi-1062,4,नसों में ख़ून का प्रवाह सुचारू होना चाहिए।,Blood flow smooth.,प्रवाह + सुचारू Sanskrit,नसों में ख़ून सही से बहना चाहिए।
hi-1094,4,कृपया अपना संक्षिप्त परिचय दीजिए।,Please give brief introduction.,bureaucratic formal,
hi-1158,4,सूर्यग्रहण के दौरान सीधा सूरज मत देखो।,Don't look at sun during eclipse.,सूर्यग्रहण formal — ग्रहण,ग्रहण के समय सीधा सूरज मत देखो।
hi-1163,4,देहलीज़ पर पाँव रखकर घर में प्रवेश किया।,Entered house by stepping on threshold.,देहलीज़ + प्रवेश literary,दरवाज़े पर पाँव रखकर घर में आ गया।
hi-1181,4,गिद्ध विलुप्त होने की कगार पर हैं।,Vultures verge of extinction.,विलुप्त news-formal,
hi-1182,4,फागुन में होली का रंग चढ़ता है।,Holi in Phagun.,फागुन poetic month,
hi-1183,4,मंच पर कठपुतली का खेल दिखाया गया।,Puppet show on stage.,passive — हुआ,स्टेज पर पुतली का खेल हुआ।
hi-1209,4,चौवालीस विद्यार्थी कक्षा में उपस्थित थे।,44 students in class.,विद्यार्थी + उपस्थित bureaucratic,चवालीस स्टूडेंट्स क्लास में थे।
hi-1233,4,मेरे कार्यालय में बहुत मिलनसार सहकर्मी हैं।,Friendly colleagues in office.,कार्यालय + सहकर्मी formal,मेरे ऑफिस में बहुत अच्छे साथी हैं।
hi-1257,4,पंचतंत्र की कहानियाँ जानवरों के माध्यम से सिखाती हैं।,Stories teach through animals.,माध्यम formal — के ज़रिए,
hi-1275,4,छींक आने पर मुँह ढकना शिष्टाचार है।,Covering mouth when sneezing is etiquette.,शिष्टाचार formal — अदब,छींक आने पर मुँह ढकना अच्छी बात है।
hi-1285,4,तीर्थंकर जैन धर्म के संस्थापक माने जाते हैं।,Tirthankaras founders of Jainism.,संस्थापक formal,
hi-1366,4,गुड़ चीनी से स्वास्थ्यकर माना जाता है।,Jaggery healthier than sugar.,स्वास्थ्यकर Sanskrit + passive,
hi-1377,4,बरगद नीम से ज़्यादा छायादार वृक्ष है।,Banyan shadier than neem.,वृक्ष formal — पेड़,
hi-1405,4,राजेश के अनुसार यह अवधारणा पूर्णतः नई है।,"Per Rajesh, concept entirely new.",अवधारणा + पूर्णतः Sanskrit,
hi-1719,4,कोलकाता जाने के लिए राष्ट्रीय राजमार्ग पकड़ो।,Take national highway.,राष्ट्रीय राजमार्ग → हाईवे,कोलकाता जाने के लिए नेशनल हाईवे पकड़ो।
hi-1778,4,छायाचित्रकार ने प्रकृति की सुंदर तस्वीरें खींचीं।,Photographer took nature pictures.,छायाचित्रकार formal — फ़ोटोग्राफ़र,
hi-1816,4,ध्वनि तरंगों को आवृत्ति में मापा जाता है।,Sound waves measured in frequency.,academic passive,
hi-1911,4,विद्यार्थी ने शब्दकोश से नए शब्द ढूँढे।,Student looked up words.,विद्यार्थी formal — छात्र,
hi-1995,4,कूड़ेदान में कचरा डालना ज़रूरी है।,Put garbage in dustbin.,कूड़ेदान formal,
hi-2041,4,ज्योतिषी ने कुंडली देखकर भविष्य बताया।,Astrologer told future from horoscope.,religious-formal,
hi-2189,4,गंदे पानी को साफ़ करके पुनः उपयोग किया जाता है।,Dirty water cleaned and reused.,पुनः उपयोग Sanskrit — फिर से,
hi-2210,4,सरकारी ज़मीन पर अवैध कब्ज़ा हटाया गया।,Illegal encroachment removed.,अवैध legal — गैर कानूनी,
hi-2218,4,इस क़िले का निर्माण मुग़लों द्वारा किया गया।,Fort built by Mughals.,passive Sanskrit द्वारा,मुग़लों ने इस क़िले को बनवाया था।
hi-2250,4,सभी विद्यार्थियों ने परीक्षा में भाग लिया।,All students took exam.,विद्यार्थी formal,
hi-2281,4,सफ़ाईकर्मी ने गली की सफ़ाई की।,Cleaner cleaned street.,सफ़ाईकर्मी formal,
hi-2289,4,कविता ने पूरी परियोजना अकेले संभाली।,Kavita managed project.,परियोजना formal — प्रोजेक्ट,कविता ने पूरा प्रोजेक्ट अकेले सँभाला।
hi-2380,4,जैव विविधता संरक्षण ज़रूरी है।,Biodiversity conservation.,Sanskrit technical compound,
hi-2462,4,बच्चों को न सिर्फ़ पढ़ाई में बल्कि खेलकूद में भी रुचि लेनी चाहिए ताकि उनका संपूर्ण विकास हो सके।,Children should take interest in studies and sports.,संपूर्ण formal,
hi-2489,4,वैद्य ने नाड़ी देखकर रोग पहचाना।,Vaidya identified disease by pulse.,वैद्य formal — आयुर्वेद डॉक्टर,
hi-2500,4,सवेरे उठकर दातुन करना अच्छी आदत है।,Wake up and brush with twig.,दातुन archaic — दांत साफ करना,
hi-2613,4,प्रथमतः हम इस विषय की पृष्ठभूमि पर चर्चा करेंगे।,First we discuss background.,प्रथमतः + पृष्ठभूमि Sanskrit,
hi-2626,4,रेलगाड़ी प्लेटफ़ॉर्म पर सही वक़्त पर आई।,Train arrived at platform.,रेलगाड़ी → ट्रेन,ट्रेन प्लेटफॉर्म पर सही वक़्त पर आई।
hi-2701,4,यातायात पुलिस ने जुर्माना काटा।,Traffic police fined.,यातायात → ट्रैफिक,ट्रैफिक पुलिस ने जुर्माना काटा।
hi-3015,4,सतत विकास लक्ष्यों को प्राप्त करने हेतु सामूहिक प्रयास आवश्यक हैं।,Collective efforts for sustainable development.,हेतु Sanskrit postposition,
hi-3025,4,मस्जिद के ठीक सामने डाकघर है।,Post office in front of mosque.,डाकघर formal — पोस्ट ऑफिस,मस्जिद के ठीक सामने पोस्ट ऑफिस है।
hi-3134,4,इस परियोजना से जुड़े सभी लोगों को सूचित करो।,Inform all related to project.,परियोजना formal — प्रोजेक्ट,इस प्रोजेक्ट से जुड़े सभी लोगों को बता दो।
hi-0034,5,क्या आप पूर्ण शाकाहारी भोजन खाते हैं?,Do you eat completely vegetarian food?,भोजन formal — खाना is everyday,क्या आप पूरा शाकाहारी खाना खाते हैं?
hi-0042,5,क्या आप मुझे शुद्ध हिंदी सिखा सकते हैं?,Can you teach me pure Hindi?,शुद्ध हिंदी pedagogical framing,क्या आप मुझे सही हिंदी सिखा सकते हैं?
hi-0050,5,मेरा परिचय दूँ – मैं जयपुर में काम करता हूँ।,Let me introduce myself,परिचय दूँ formal,मेरे बारे में बताऊँ – मैं जयपुर में काम करता हूँ।
hi-0091,5,हम सप्ताह में दो बार बाज़ार जाते हैं।,We go to the market twice a week.,सप्ताह textbook — हफ़्ता everyday,हम हफ़्ते में दो बार बाज़ार जाते हैं।
hi-0100,5,हम दोपहर का भोजन ठीक एक बजे करते हैं।,afternoon meal at exactly one,भोजन formal,हम दोपहर को ठीक एक बजे खाना खाते हैं।
hi-0106,5,वे हँसमुख लोग हमेशा मिलकर ज़ोर से हँसते हैं।,cheerful people laugh loudly together,हँसमुख formal — ख़ुश-मिज़ाज़,वे ख़ुश-मिज़ाज़ लोग हमेशा मिलकर ज़ोर से हँसते हैं।
hi-0110,5,क्या तुम्हें विभिन्न प्रकार का खाना बनाना आता है?,various types of food,विभिन्न प्रकार bureaucratic — अलग-अलग तरह,क्या तुम्हें अलग-अलग तरह का खाना बनाना आता है?
hi-0112,5,हम दोनों एक ही विभाग में साथ काम करते हैं।,We work in the same department.,विभाग textbook — डिपार्टमेंट,हम दोनों एक ही डिपार्टमेंट में साथ काम करते हैं।
hi-0116,5,मेरे दयालु पड़ोसी हमेशा ज़रूरत में हमारी मदद करते हैं।,kind neighbors,दयालु formal — अच्छे,मेरे अच्छे पड़ोसी हमेशा ज़रूरत में हमारी मदद करते हैं।
hi-0176,5,मेरे पिताजी बहुत अनुभवी और बुद्धिमान व्यक्ति हैं।,experienced and wise person,अनुभवी + बुद्धिमान formal,मेरे पिताजी बहुत समझदार और होशियार हैं।
hi-0185,5,मेरी माँ बहुत धैर्यवान और शांत स्वभाव की हैं।,patient and calm by nature,धैर्यवान + शांत स्वभाव poetic-formal,मेरी माँ बहुत धीरज रखती है और शांत भी है।
hi-0202,5,हमारे स्कूल के सभी अध्यापक बहुत योग्य और समर्पित हैं।,teachers very capable and dedicated,अध्यापक → टीचर; समर्पित formal,हमारे स्कूल के सभी टीचर बहुत अच्छे हैं।
hi-0209,5,तराना एक शास्त्रीय गायन शैली है।,Tarana is a classical singing style.,शास्त्रीय गायन शैली encyclopedic,तराना एक classical singing style है।
hi-0274,5,पेड़ की छाया में बैठकर आराम करो।,Rest in the tree's shade.,borderline बैठक conflict (review),
hi-0332,5,खुली हवा में बैठकर किताब पढ़ने में आनंद आता है।,Pleasure reading in open air.,आनंद आता है formal — मज़ा आता है,
hi-0358,5,मैं विश्वविद्यालय में एक छात्र हूँ।,I am a student at the university.,विश्वविद्यालय → यूनिवर्सिटी,
hi-0727,5,"सुनीता जी, आपसे मिलकर प्रसन्नता हुई।",Pleased to meet you Sunita.,प्रसन्नता हुई formal,"सुनीता जी, आपसे मिलकर बहुत खुशी हुई।"
hi-0742,5,छात्रा ने पहेली का उत्तर दिया।,Student answered riddle.,उत्तर formal — जवाब,छात्रा ने पहेली का जवाब दिया।
hi-0887,5,ताड़ के पेड़ से ताड़ी निकाली जाती है।,Toddy extracted from palm.,passive Sanskrit,ताड़ के पेड़ से ताड़ी निकाल लेते हैं।
hi-1045,5,नाट्यशास्त्र भरतमुनि ने लिखा था।,Natyashastra written by Bharatamuni.,object fronting awkward,भरतमुनि ने नाट्यशास्त्र लिखा था।
hi-1089,5,वह अक्सर अपनी दयालु चाची के आरामदेह घर पर जाती है।,She visits kind aunt's comfortable house.,stacked Sanskrit adjectives दयालु+आरामदेह,वह अपनी प्यारी चाची के यहाँ अक्सर जाती है।
hi-1180,5,"विवेक से काम लो, जल्दबाज़ी मत करो।",Use discretion.,विवेक formal — अक्ल,"अक्ल से काम लो, जल्दबाज़ी मत करो।"
hi-1245,5,कान में बाली पहनने का रिवाज़ पुराना है।,Earrings tradition is old.,रिवाज़ formal — परंपरा/चलन,
hi-1290,5,वाराणसी विश्व के प्राचीनतम शहरों में से एक है।,Varanasi one of world's oldest cities.,विश्व + प्राचीनतम formal,वाराणसी दुनिया के सबसे पुराने शहरों में से एक है।
hi-1310,5,ट्रेन बस से ज़्यादा आरामदायक होती है।,Train more comfortable than bus.,आरामदायक formal — comfortable,
hi-1368,5,यह मेरा सबसे पसंदीदा भारतीय भोजनालय है।,Favorite Indian restaurant.,भोजनालय formal — रेस्तरां,
hi-1383,5,मोर सबसे सुंदर पक्षी माना जाता है।,Peacock most beautiful bird.,पक्षी formal — परिंदा,
hi-1388,5,हिमालय दुनिया का सबसे ऊँचा पर्वत है।,Himalaya highest mountain.,पर्वत formal — पहाड़,
hi-1400,5,पर्वतीय हवा मैदानी हवा से शुद्ध होती है।,Mountain air purer than plains.,पर्वतीय formal — पहाड़ी,
hi-1411,5,गर्मी में आम सबसे लोकप्रिय फल होता है।,Mango most popular fruit in summer.,लोकप्रिय formal — पसंदीदा,
hi-1510,5,बरगद सबसे विशाल वृक्षों में गिना जाता है।,Banyan among largest trees.,वृक्ष formal,
hi-1518,5,ताजमहल दुनिया के सबसे मशहूर स्मारकों में से है।,Taj Mahal among famous monuments.,स्मारक formal,
hi-1635,5,संगीत की महफ़िल हर शाम सभागार में होती थी।,Music gatherings in hall.,संगीत/सभागार formal,
hi-1688,5,रेलगाड़ी पुल के ऊपर से गुज़रती है।,Train passes over bridge.,रेलगाड़ी → ट्रेन,ट्रेन पुल के ऊपर से गुज़रती है।
hi-1700,5,वह पढ़ाई के लिए रोज़ पुस्तकालय जाता है।,He goes to library daily.,पुस्तकालय → लाइब्रेरी,वह पढ़ाई के लिए रोज़ लाइब्रेरी जाता है।
hi-1734,5,हम छायादार पेड़ों के नीचे बैठकर शांति से पढ़ते हैं।,Sit under shady trees and study.,छायादार formal,
hi-1754,5,वह परीक्षा के लिए बहुत ध्यान और लगन से पढ़ती है।,Studies with attention and dedication.,लगन textbook,
hi-1759,5,सत्य की राह कठिन होती है पर सही होती है।,Path of truth difficult but right.,राह poetic — रास्ता,
hi-1765,5,अंधे व्यक्ति ने ब्रेल लिपि सीखी।,Blind person learned Braille.,stiff construction,
hi-1777,5,सूरज क्षितिज से ऊपर उठ रहा था।,Sun rising above horizon.,literary phrasing,सूरज निकल रहा था।
hi-1781,5,पीतल के बर्तन रसोई में इस्तेमाल होते हैं।,Brass utensils used in kitchen.,passive,हम रसोई में पीतल के बर्तन इस्तेमाल करते हैं।
hi-1793,5,"कारवाँ आगे बढ़ता गया, थकान की परवाह किए बिना।",Caravan moved on.,कारवाँ poetic — काफ़िला,
hi-1821,5,सिंधु घाटी सभ्यता विश्व की प्राचीनतम सभ्यताओं में है।,Indus Valley among oldest civilizations.,प्राचीनतम formal,
hi-1876,5,सचिन को बताइए कि बैठक ज़रूरी है।,Tell Sachin meeting is necessary.,बैठक formal — मीटिंग,सचिन को बताइए कि मीटिंग ज़रूरी है।
hi-1909,5,खगोलशास्त्री ने नई दूरबीन से तारे देखे।,Astronomer observed stars.,खगोलशास्त्री Sanskrit compound,
hi-1910,5,गायन और वादन दोनों में महारत चाहिए।,Mastery in singing and instrumental.,गायन/वादन formal Sanskrit,
hi-1994,5,श्यामपट पर अध्यापक ने सूत्र लिखा।,Teacher wrote on blackboard.,श्यामपट + अध्यापक formal,ब्लैकबोर्ड पर शिक्षक ने सूत्र लिखा।
hi-1996,5,संकाय ने नए पाठ्यक्रम को मंज़ूरी दी।,Faculty approved new curriculum.,संकाय + पाठ्यक्रम academic,
hi-2031,5,तलवारबाज़ी में फुर्ती और कौशल चाहिए।,Fencing needs agility.,कौशल formal — हुनर,
hi-2034,5,पांडुलिपि में कई हस्तलिखित टिप्पणियाँ थीं।,Manuscript had handwritten notes.,पांडुलिपि + हस्तलिखित Sanskrit,
hi-2035,5,गृह प्रवेश पर नारियल फोड़ा गया।,Coconut broken at housewarming.,गृह प्रवेश ritual Sanskrit,
hi-2036,5,परेड में सैनिकों ने कदमताल किया।,Soldiers marched in step.,कदमताल formal compound,
hi-2089,5,मठ में धार्मिक शिक्षा दी जाती है।,Religious education at monastery.,धार्मिक शिक्षा Sanskrit,
hi-2101,5,दरवेश ने क़लंदर की तरह भटकते हुए जीवन बिताया।,Dervish lived wandering life.,poetic archaic,
hi-2106,5,दक्षिणा में शिष्य ने गुरु को स्वर्ण मुद्रा दी।,Disciple gave gold coin to teacher.,high formal Sanskrit ritual,
hi-2143,5,मंदिर का जीर्णोद्धार किया जा रहा है।,Temple being renovated.,जीर्णोद्धार formal — मरम्मत,मंदिर की मरम्मत की जा रही है।
hi-2163,5,वर्गमूल निकालना बीजगणित में सिखाया जाता है।,Square root in algebra.,वर्गमूल + बीजगणित Sanskrit math,
hi-2181,5,विद्यालय में नया पुस्तकालय स्थापित किया गया है।,New library in school.,विद्यालय + पुस्तकालय both formal,
hi-2191,5,सभी आवेदन पत्र समय सीमा से पहले जमा किए गए।,Applications submitted before deadline.,समय सीमा formal — डेडलाइन,
hi-2220,5,राहुल को चेन्नई का सर्वश्रेष्ठ कर्मचारी चुना गया।,Rahul chosen best employee.,सर्वश्रेष्ठ Sanskrit — सबसे अच्छा,
hi-2225,5,खेल प्रतियोगिता में सभी विद्यालयों को आमंत्रित किया गया।,All schools invited to sports.,विद्यालयों + आमंत्रित formal,
hi-2271,5,भूमध्य रेखा पृथ्वी को दो भागों में बाँटती है।,Equator divides Earth.,भूमध्य रेखा textbook Sanskrit,
hi-2279,5,उपन्यास पढ़ने से कल्पनाशक्ति बढ़ती है।,Reading novels increases imagination.,कल्पनाशक्ति rare compound,
hi-2285,5,मूर्तिकार ने संगमरमर से प्रतिमा तराशी।,Sculptor carved statue.,प्रतिमा religious + तराशी archaic,मूर्तिकार ने संगमरमर से मूर्ति बनाई।
hi-2293,5,भिन्न में अंश और हर होता है।,Fraction has numerator and denominator.,Sanskrit math terms,
hi-2294,5,समीक्षक ने नाटक की आलोचना प्रकाशित की।,Critic published review.,समीक्षक + आलोचना formal,
hi-2296,5,सम्मेलन में वक्ता ने मूल्यवान विचार रखे।,Speaker presented at conference.,सम्मेलन + वक्ता + मूल्यवान Sanskrit,
hi-2298,5,बाणभट्ट ने कादंबरी की रचना संस्कृत में की।,Banabhatta composed Kadambari.,रचना formal — लिखा,
hi-2304,5,चने की फ़सल रबी मौसम में बोई जाती है।,Chickpea sown in rabi season.,रबी agronomic — सर्दी,
hi-2318,5,प्रातःकाल टहलने से ताज़गी मिलती है।,Morning walk refreshes.,प्रातःकाल literary — सुबह,सुबह टहलने से फ्रेशनेस मिलती है।
hi-2383,5,पद्य लयबद्ध और छंदोबद्ध होता है।,Poetry is rhythmic.,all literary Sanskrit,
hi-2384,5,चिकारा एक तार वाला वाद्य है।,Chikara is stringed instrument.,वाद्य formal — साज़,
hi-2389,5,जूट उद्योग बंगाल का प्रमुख व्यवसाय है।,Jute industry Bengal's business.,उद्योग + व्यवसाय formal,
hi-2393,5,पाठ्यक्रम में व्याकरण और साहित्य दोनों शामिल हैं।,Curriculum includes grammar and literature.,पाठ्यक्रम formal — सिलेबस,
hi-2413,5,जलविद्युत परियोजना से बिजली बनती है।,Hydroelectric project generates electricity.,जलविद्युत + परियोजना formal,
hi-2467,5,चरागाह में गाय-भैंस चर रही थीं।,Cows grazing in pasture.,चरागाह textbook,
hi-2509,5,चाणक्य नीति में राजनीति के सूत्र हैं।,Chanakya Niti has politics principles.,सूत्र textbook — सिद्धांत,
hi-2511,5,पाँव छूना बड़ों के प्रति सम्मान दर्शाता है।,Touching feet shows respect.,प्रति + दर्शाता है formal,
hi-2513,5,ऊन की बुनाई शीतकाल में शुरू होती है।,Wool knitting in winter.,शीतकाल formal Sanskrit — सर्दियों में,ऊन की बुनाई सर्दियों में शुरू होती है।
hi-2530,5,मुद्रास्फीति से वस्तुओं के दाम बढ़ते हैं।,Inflation increases prices.,वस्तुओं formal — चीज़ों के,
hi-2536,5,संदूक का ताला ज़ंग से जाम हो गया।,Trunk lock jammed.,संदूक formal — बॉक्स,
hi-2537,5,चुनाव में मतदान करना नागरिक का कर्तव्य है।,Voting is citizen's duty.,कर्तव्य textbook — फर्ज़,चुनाव में वोट देना हर नागरिक का फर्ज़ है।
hi-2548,5,अध्यापक ने पूछा कि होमवर्क किसने किया।,Teacher asked who did homework.,अध्यापक formal — टीचर,
hi-2569,5,डाकिये ने रजिस्टर्ड चिट्ठी दरवाज़े पर दी।,Postman delivered letter.,चिट्ठी old-fashioned — पत्र/लेटर,
hi-2594,5,न्यायाधीश ने मुक़दमे का फ़ैसला सुनाया।,Judge pronounced verdict.,न्यायाधीश formal — जज,जज ने मुक़दमे का फ़ैसला सुनाया।
hi-2599,5,हथकरघा उद्योग गाँवों में रोज़गार देता है।,Handloom industry provides employment.,उद्योग textbook,
hi-2611,5,रूपक अलंकार में उपमा को सीधे लागू करते हैं।,Metaphor applies comparison.,literary terminology,
hi-2666,5,बधिर विद्यालय में होंठ पढ़ना सिखाते हैं।,Lip reading at deaf schools.,बधिर विद्यालय Sanskrit,
hi-2720,5,ज़िलाधिकारी ने बाढ़ राहत कार्य का निरीक्षण किया।,DM inspected flood relief.,ज़िलाधिकारी + निरीक्षण formal,
hi-2794,5,यदि सरकार ने समय पर क़दम नहीं उठाए तो स्थिति और ख़राब हो सकती है।,"If govt doesn't act, situation worsens.",यदि + समय formal,
hi-3029,5,श्रवण यंत्र लगाने से सुनाई देने लगा।,Hearing aid let her hear.,श्रवण Sanskrit — हियरिंग,हियरिंग एड लगाने से सुनाई देने लगा।
hi-3045,5,स्वतंत्रता दिवस पर लाल क़िले पर ध्वजारोहण होता है।,Flag hoisting at Red Fort.,ध्वजारोहण ceremony Sanskrit,स्वतंत्रता दिवस पर लाल क़िले पर झंडा फहराया जाता है।
hi-3046,5,लोहड़ी पर अलाव जलाकर उसके चारों ओर नाचते हैं।,Bonfire and dance at Lohri.,अलाव regional/poetic,
hi-3067,5,बोधगया में बुद्ध को ज्ञान प्राप्त हुआ।,Buddha attained enlightenment.,प्राप्त formal — मिला,बोधगया में बुद्ध को ज्ञान मिला।
hi-3112,5,"दरअसल, यह काम इतना आसान नहीं है।","Actually, this work isn't easy.",दरअसल formal — सच में/असली में,
hi-3115,5,हक़ीक़त में यह बात बिलकुल सही है।,"In reality, this is correct.",हक़ीक़त formal — सच में,
hi-3116,5,"वास्तव में, यह योजना बहुत कारगर है।",Actually plan is effective.,वास्तव में formal,
hi-3120,5,वास्तव में यह बदलाव बहुत ज़रूरी था।,In reality change needed.,वास्तव में formal,
hi-3127,5,खपरैल वाला मकान पुराने ज़माने में आम था।,Tile-roofed houses old times.,खपरैल formal,
hi-3159,5,"दरअसल, इस मामले में और जाँच की ज़रूरत है।","Actually, more investigation needed.",दरअसल formal,
hi-0124,6,हमारी प्यारी दादी हर रात सोने से पहले कहानियाँ सुनाती हैं।,dear grandmother tells stories,प्यारी sentimental embellishment,हमारी दादी हर रात सोने से पहले कहानियाँ सुनाती हैं।
hi-0137,6,मेरे प्यारे मामा हर गर्मी में पहाड़ों से हमसे मिलने आते हैं।,dear uncle visits each summer,प्यारे sentimental embellishment,मेरे मामा हर गर्मी में पहाड़ों से हमसे मिलने आते हैं।
hi-0138,6,मेरी माँ प्यार से हर त्योहार पर घर में विशेष हलवा बनाती हैं।,mother lovingly makes halwa,प्यार से sentimental adverb,मेरी माँ हर त्योहार पर घर में विशेष हलवा बनाती हैं।
hi-0285,6,माँ की ममता का कोई मोल नहीं होता।,A mother's affection is priceless.,का कोई मोल नहीं poetic,
hi-0334,6,यह अचार मेरी नानी की पुरानी विधि से बना है।,Made with grandmother's old recipe.,विधि formal — तरीका/रेसिपी,
hi-0336,6,ऊँचे मकान की छत से गाँव का दृश्य दिखता है।,Village view from tall house.,दृश्य literary — नज़ारा,
hi-0350,6,सत्तर प्रतिशत विद्यार्थी पास हुए।,Seventy percent students passed.,विद्यार्थी formal — छात्र/स्टूडेंट,
hi-0407,6,इस पुस्तक का दाम तीन सौ रुपये है।,Price of this book is three hundred rupees.,पुस्तक formal — किताब,
hi-0409,6,अस्सी प्रतिशत विद्यार्थी इस परीक्षा में सफल हुए।,Eighty percent students passed exam.,विद्यार्थी + सफल formal,
hi-0498,6,भारी पत्थर को उठाना एक अकेले आदमी के बस में नहीं।,Heavy stone beyond one man.,के बस में नहीं literary,
hi-0518,6,मैं अपने हर काम को पूरी निष्ठा और लगन से करता हूँ।,Sincerity and dedication.,निष्ठा और लगन flowery,
hi-2302,6,किले की प्राचीर से पूरा शहर दिखता है।,City visible from fort rampart.,प्राचीर formal — दीवार,
hi-2402,6,रोशनदान से हवा और रोशनी आती है।,Air and light from skylight.,रोशनदान archaic,
hi-2405,6,नगर पालिका ने सड़कों की मरम्मत शुरू की।,Municipality started repairs.,नगर पालिका dated,
hi-2421,6,राशन कार्ड से सस्ता अनाज मिलता है।,Ration card gives cheap grain.,dated administrative term,
