id,score,target,english,tags,offenders,suggested_replacements
ru-2348,2,"Либо мы идём сейчас, либо не идём вообще.",Either we go now or we don't go at all.,general,либо | либо,либо → или | либо → или
ru-2383,1,"Он ушёл, поскольку ему стало скучно.",He left since he got bored.,general|travel,поскольку,поскольку → потому что
ru-2424,1,В связи с праздником магазин закрыт.,Due to the holiday the store is closed.,general|travel,в связи с,в связи с → из-за
ru-2431,1,"Я согласен, при условии что ты поможешь.","I agree, on the condition that you help.",general,при условии что,при условии что → если
ru-2806,1,Проверьте электронную почту на наличие новых писем.,Check your email for new messages.,general|work,наличие,наличие → (rephrase with есть)
ru-0091,1,Читающий мальчик сидит у окна.,The reading boy is sitting by the window.,family|general|work,Читающий,Читающий → (restructure)
ru-0795,1,В течение года он выучил язык.,During the year he learned the language.,general|travel|work,в течение,в течение → за
ru-1677,1,Стоматолог посоветовал ежедневно пользоваться зубной нитью.,The dentist advised using dental floss daily.,general,ежедневно,ежедневно → каждый день
ru-1686,1,Водолаз исследовал затонувший корабль на морском дне.,The diver explored the sunken ship on the seabed.,general|travel,затонувший,затонувший → (restructure)
ru-2077,1,"Для того чтобы успеть, нужно встать рано.","In order to make it, you need to get up early.",general|travel,для того чтобы,для того чтобы → чтобы
ru-2144,1,Реставратор обновил потускневшую потолочную фреску собора.,The restorer restored the faded ceiling fresco of the cathedral.,general|travel,потускневшую,потускневшую → (restructure)
ru-2482,1,Играющие во дворе дети шумели до самого вечера.,The children playing in the yard were noisy until evening.,family|general|travel,Играющие,Играющие → (restructure)
ru-2499,1,"Согласно плану, мы начнём завтра.","According to the plan, we will start tomorrow.",general|travel|work,согласно,согласно → по
ru-2523,1,"Тем не менее, мы продолжили.","Nevertheless, we continued.",general,тем не менее,тем не менее → всё равно
ru-2560,1,В течение дня он работал.,During the day he worked.,general|work,в течение,в течение → за
ru-2624,1,"Плотно позавтракав, семья отправилась в путь на дачу.","Having eaten a hearty breakfast, the family set off on their journey to the dacha.",family|general|travel,"позавтракав,","позавтракав, → (restructure)"
ru-2640,1,Падающий снег красивый.,The falling snow is beautiful.,general|travel,Падающий,Падающий → (restructure)
ru-2656,1,Скучающий ребёнок хочет играть.,The bored child wants to play.,family|general,Скучающий,Скучающий → (restructure)
ru-2682,1,Сидящий на скамейке старик читает газету.,The old man sitting on the bench is reading a newspaper.,family|general|work,Сидящий,Сидящий → (restructure)
ru-2687,1,Бегущая по улице собака напугала маленького ребёнка.,The dog running down the street scared the little child.,family|general|travel,Бегущая,Бегущая → (restructure)
ru-2695,1,Читающий газету дедушка сидел на скамейке в парке.,The grandfather reading the newspaper was sitting on a bench in the park.,family|general|travel|work,Читающий,Читающий → (restructure)
ru-2731,1,"Выбранный ресторан оказался лучшим из всех, что мы когда-либо посещали.",The chosen restaurant turned out to be the best we had ever visited.,general|travel,либо,либо → или
ru-2751,1,Растущий город нуждается в школах.,The growing city needs schools.,family|general|travel,Растущий,Растущий → (restructure)
ru-2760,1,"Позавтракав, дети пошли в школу.","Having had breakfast, the children went to school.",family|general|travel|work,"Позавтракав,","Позавтракав, → (restructure)"
ru-2795,1,Висящая на стене картина красивая.,The painting hanging on the wall is beautiful.,family|general,Висящая,Висящая → (restructure)
ru-2813,1,Спящий на диване кот не слышал звонок двери.,The cat sleeping on the couch didn't hear the doorbell.,family|general,Спящий,Спящий → (restructure)
ru-2815,1,Поющая в хоре девушка выступит на концерте завтра.,The girl singing in the choir will perform at the concert tomorrow.,family|general|travel,Поющая,Поющая → (restructure)
ru-2831,1,Опавшие листья шуршат.,The fallen leaves rustle.,general,Опавшие,Опавшие → (restructure)
ru-2832,1,"Встретившись, друзья обнялись.","Having met, friends hugged.",family|general,"Встретившись,","Встретившись, → (restructure)"
ru-2836,1,"Умывшись, он сел завтракать.","Having washed up, he sat down to have breakfast.",family|general|travel,"Умывшись,","Умывшись, → (restructure)"
ru-2844,1,Идущий по улице человек – мой сосед.,The person walking along the street is my neighbor.,family|general|travel,Идущий,Идущий → (restructure)
ru-2850,1,Работающий в офисе человек редко выходит на прогулку.,The person working in the office rarely goes for a walk.,family|general|travel|work,Работающий,Работающий → (restructure)
ru-2856,1,Танцующая пара красивая.,The dancing couple is beautiful.,general,Танцующая,Танцующая → (restructure)
ru-2860,1,"Пообедав, мы продолжили путь.","Having had lunch, we continued our journey.",general|travel,"Пообедав,","Пообедав, → (restructure)"
ru-2884,1,Товары доставляются на дом в течение трёх дней.,Goods are delivered to your home within three days.,family|general,в течение,в течение → за
ru-2885,1,Вопрос обсуждался на собрании в течение двух часов.,The question was discussed at the meeting for two hours.,general|travel|work,в течение,в течение → за
ru-2895,1,Созревшие плоды падают.,The ripe fruits fall.,general,Созревшие,Созревшие → (restructure)
ru-2904,1,Библиотекарь расставил по полкам вновь поступившие книги.,The librarian arranged the newly arrived books on the shelves.,general|travel|work,поступившие,поступившие → (restructure)
ru-2906,1,"Подумав, он согласился.","Having thought, he agreed.",general,"Подумав,","Подумав, → (restructure)"
ru-2977,1,"Закон нарушен водителем, превысившим скорость на трассе.",The law was broken by the driver who exceeded the speed on the highway.,general|work,превысившим,превысившим → (restructure)
ru-3042,1,"Хлеб-соль – традиционное русское приветствие для почётных гостей, символизирующее гостеприимство и дружбу.","Bread and salt is the traditional Russian welcome for honoured guests, symbolising hospitality and friendship.",family|general,символизирующее,символизирующее → (restructure)
ru-3160,1,"Для того чтобы получить визу, нужны документы.","In order to get a visa, you need documents.",general|travel,для того чтобы,для того чтобы → чтобы
ru-3207,1,"В то время как он работал, она готовила ужин.","While he was working, she was cooking dinner.",family|general|travel|work,в то время как,в то время как → а
ru-3313,1,"Несмотря на то что шёл дождь, мы пошли гулять.","Despite the rain, we went for a walk.",general|travel,несмотря на то что,несмотря на то что → хотя
ru-3316,1,"Масленица – любимый русский праздник блинов, знаменующий конец зимы и приход весны.",Maslenitsa is the beloved Russian pancake festival that marks the end of winter and the coming of spring.,general|travel,знаменующий,знаменующий → (restructure)
ru-2520,1,"Он богат, однако несчастлив.","He is rich, but unhappy.",general,однако,однако → но